RNA_Spot_ID,Y,X
1,0,1567
2,13,56
3,12,1418
4,12,1527
5,20,1536
6,27,26
7,26,64
8,38,42
9,50,704
10,55,72
11,59,755
12,62,0
13,62,39
14,64,635
15,70,708
16,74,44
17,82,12
18,82,57
19,87,706
20,90,598
21,91,620
22,95,737
23,95,822
24,96,754
25,99,34
26,100,848
27,105,66
28,105,577
29,106,589
30,108,654
31,111,816
32,112,703
33,113,48
34,115,96
35,115,837
36,119,854
37,119,78
38,120,637
39,124,68
40,124,738
41,127,875
42,129,25
43,128,682
44,128,711
45,131,603
46,131,658
47,132,53
48,134,836
49,136,65
50,137,89
51,137,857
52,138,38
53,139,580
54,139,627
55,140,821
56,143,603
57,147,81
58,150,727
59,152,627
60,153,836
61,157,59
62,157,663
63,158,831
64,158,782
65,161,582
66,160,630
67,164,572
68,165,9
69,167,641
70,167,815
71,168,746
72,169,838
73,172,603
74,175,51
75,175,660
76,175,673
77,176,592
78,179,763
79,180,32
80,180,227
81,191,0
82,191,191
83,192,661
84,192,840
85,193,677
86,194,218
87,194,618
88,198,780
89,199,827
90,201,608
91,203,0
92,203,694
93,210,64
94,208,116
95,210,676
96,211,659
97,212,700
98,214,100
99,215,6
100,216,50
101,218,84
102,218,609
103,223,686
104,226,703
105,230,611
106,231,831
107,232,55
108,234,651
109,238,372
110,239,709
111,243,45
112,250,691
113,258,377
114,259,615
115,262,967
116,267,343
117,278,373
118,278,944
119,279,913
120,282,1141
121,284,351
122,285,682
123,286,832
124,288,402
125,289,728
126,296,374
127,298,649
128,298,1158
129,300,869
130,302,348
131,302,536
132,304,418
133,304,715
134,305,332
135,305,949
136,306,1095
137,307,805
138,313,1044
139,314,1140
140,315,850
141,315,1230
142,319,378
143,319,880
144,321,578
145,322,346
146,323,322
147,323,1097
148,325,405
149,326,459
150,326,736
151,326,764
152,327,792
153,330,661
154,331,441
155,332,1120
156,335,920
157,337,354
158,338,1197
159,340,387
160,340,432
161,341,867
162,341,994
163,342,622
164,344,967
165,345,982
166,346,1015
167,350,758
168,350,946
169,352,1110
170,352,1179
171,353,1003
172,355,402
173,355,652
174,355,977
175,357,993
176,362,697
177,362,907
178,364,875
179,365,945
180,365,1107
181,366,682
182,367,1028
183,368,860
184,368,1089
185,370,1067
186,373,418
187,373,1053
188,375,443
189,377,870
190,377,1164
191,378,636
192,378,979
193,382,360
194,383,923
195,383,950
196,385,681
197,387,310
198,387,374
199,388,1001
200,389,976
201,389,986
202,390,579
203,392,961
204,393,617
205,393,899
206,394,670
207,394,1068
208,396,1088
209,398,1013
210,399,869
211,400,1039
212,403,1096
213,404,681
214,404,926
215,406,690
216,406,704
217,406,960
218,408,877
219,409,978
220,409,1156
221,410,914
222,412,892
223,413,659
224,414,1052
225,415,944
226,419,857
227,423,670
228,423,988
229,424,688
230,424,908
231,424,1044
232,425,842
233,426,640
234,426,926
235,430,1095
236,431,880
237,432,858
238,432,1079
239,432,1138
240,434,1113
241,436,595
242,437,1004
243,439,933
244,441,632
245,441,876
246,442,838
247,444,382
248,444,981
249,445,916
250,447,1114
251,448,948
252,451,652
253,452,830
254,452,957
255,453,351
256,454,932
257,456,1928
258,456,992
259,459,1097
260,460,403
261,462,1910
262,463,1066
263,464,598
264,465,1048
265,468,765
266,468,915
267,468,1110
268,469,941
269,470,1918
270,470,1965
271,471,751
272,473,890
273,474,795
274,474,1851
275,474,1949
276,483,934
277,484,981
278,485,522
279,486,1897
280,487,756
281,487,1108
282,488,908
283,490,1010
284,491,304
285,491,926
286,491,1048
287,493,966
288,493,1850
289,494,851
290,496,377
291,497,1865
292,497,1913
293,500,905
294,502,954
295,504,755
296,506,980
297,506,1003
298,509,703
299,510,396
300,512,440
301,512,882
302,515,1917
303,516,300
304,516,733
305,517,330
306,517,579
307,517,874
308,518,1100
309,518,1117
310,519,1074
311,521,705
312,521,898
313,521,1155
314,524,378
315,527,986
316,528,329
317,530,741
318,530,290
319,530,912
320,531,572
321,533,315
322,533,1000
323,534,443
324,537,256
325,537,456
326,538,1175
327,541,356
328,542,1204
329,543,1107
330,544,411
331,544,703
332,544,1074
333,545,860
334,545,1122
335,546,978
336,547,885
337,548,716
338,550,623
339,552,337
340,552,680
341,552,1137
342,553,392
343,555,1177
344,556,816
345,556,1054
346,557,919
347,559,1118
348,563,320
349,563,965
350,564,1024
351,564,1097
352,565,895
353,565,995
354,565,1041
355,568,883
356,568,1191
357,569,427
358,570,267
359,570,1077
360,572,1149
361,573,940
362,574,345
363,574,1433
364,575,637
365,575,1397
366,575,1414
367,576,1059
368,577,366
369,577,401
370,577,1113
371,578,1167
372,579,308
373,579,1197
374,580,580
375,580,1005
376,584,351
377,584,1377
378,588,317
379,588,472
380,588,603
381,590,1091
382,590,1124
383,591,396
384,591,980
385,592,385
386,592,888
387,592,1425
388,594,375
389,594,420
390,594,1040
391,594,1171
392,596,613
393,599,394
394,601,451
395,601,861
396,601,1111
397,602,1063
398,603,581
399,604,878
400,604,918
401,604,1097
402,605,654
403,605,1046
404,605,1197
405,607,1152
406,609,628
407,610,480
408,613,389
409,613,1089
410,613,1414
411,614,575
412,614,862
413,614,980
414,616,909
415,617,1040
416,618,467
417,619,837
418,618,1113
419,619,328
420,619,1363
421,620,942
422,621,1065
423,622,423
424,623,923
425,623,1322
426,625,308
427,625,452
428,626,364
429,626,1103
430,626,1169
431,628,609
432,628,1086
433,631,285
434,631,552
435,632,645
436,632,768
437,632,801
438,632,960
439,633,821
440,634,1156
441,635,398
442,636,929
443,637,1011
444,637,1118
445,638,291
446,638,1069
447,639,447
448,640,1172
449,641,1469
450,642,320
451,642,1088
452,645,382
453,645,867
454,645,981
455,645,1102
456,646,788
457,646,818
458,647,507
459,647,968
460,648,750
461,648,798
462,648,1021
463,649,655
464,650,333
465,650,1382
466,651,1229
467,651,1432
468,652,1202
469,655,446
470,655,819
471,655,1167
472,655,1392
473,658,476
474,659,1034
475,660,1063
476,660,1153
477,662,743
478,662,986
479,663,1405
480,664,764
481,664,805
482,664,954
483,664,1079
484,665,425
485,665,895
486,666,786
487,666,1446
488,666,1477
489,668,493
490,668,1000
491,671,416
492,674,371
493,674,979
494,675,593
495,677,690
496,677,1006
497,678,923
498,678,1160
499,679,655
500,679,759
501,679,1024
502,679,1045
503,680,1385
504,681,510
505,681,785
506,682,938
507,682,1199
508,683,952
509,683,1122
510,684,498
511,685,466
512,685,482
513,685,993
514,686,404
515,686,813
516,688,1359
517,689,884
518,689,1442
519,690,1029
520,691,743
521,691,826
522,691,921
523,691,1169
524,693,1060
525,693,1226
526,694,981
527,695,365
528,695,906
529,695,962
530,696,453
531,696,549
532,698,839
533,700,618
534,701,1074
535,701,1379
536,702,470
537,702,757
538,703,980
539,703,1185
540,704,1089
541,705,422
542,706,594
543,706,957
544,706,1212
545,708,1146
546,712,556
547,712,1038
548,714,838
549,714,921
550,715,1013
551,716,544
552,716,573
553,716,652
554,718,928
555,719,890
556,719,1066
557,720,986
558,721,1121
559,723,309
560,724,1040
561,725,603
562,725,791
563,725,1150
564,725,1218
565,726,1002
566,727,501
567,728,1200
568,729,443
569,731,1416
570,732,559
571,733,1112
572,734,966
573,735,581
574,737,1023
575,737,1050
576,738,696
577,738,1627
578,739,863
579,740,1403
580,741,553
581,741,757
582,741,1102
583,743,832
584,744,1132
585,745,384
586,745,1186
587,747,668
588,748,640
589,749,398
590,749,1004
591,749,1240
592,750,766
593,750,1446
594,751,438
595,751,746
596,751,1195
597,752,868
598,752,1080
599,752,1459
600,753,555
601,753,818
602,754,1278
603,755,1258
604,756,986
605,757,692
606,757,719
607,760,469
608,761,508
609,762,1658
610,762,584
611,763,932
612,763,1148
613,764,450
614,764,1270
615,765,546
616,765,608
617,767,913
618,768,667
619,768,971
620,768,1066
621,770,644
622,771,531
623,772,679
624,773,729
625,773,1023
626,775,557
627,775,742
628,775,779
629,775,1263
630,776,981
631,776,1081
632,777,807
633,777,1007
634,778,1671
635,779,619
636,779,638
637,779,1145
638,782,681
639,783,446
640,783,669
641,784,819
642,785,394
643,785,408
644,786,555
645,786,803
646,786,878
647,787,592
648,787,709
649,789,360
650,789,793
651,792,652
652,792,1037
653,792,1109
654,792,1197
655,793,771
656,794,853
657,794,963
658,794,1150
659,795,581
660,795,732
661,796,1662
662,797,701
663,797,865
664,798,830
665,798,1162
666,799,417
667,799,816
668,799,1087
669,799,1638
670,800,907
671,801,568
672,803,346
673,803,432
674,806,793
675,806,929
676,807,1680
677,808,643
678,808,846
679,808,1013
680,808,1638
681,809,403
682,809,697
683,809,1188
684,810,451
685,810,474
686,811,712
687,811,1243
688,813,1051
689,814,582
690,814,735
691,818,643
692,818,835
693,819,1030
694,820,389
695,820,620
696,820,1083
697,821,856
698,821,874
699,822,540
700,823,1624
701,824,1179
702,825,1284
703,827,460
704,827,485
705,827,727
706,827,1274
707,828,702
708,828,1613
709,831,1243
710,831,441
711,831,902
712,833,925
713,833,938
714,833,1074
715,833,1630
716,834,641
717,834,668
718,834,747
719,834,1188
720,834,1643
721,837,800
722,838,1258
723,839,531
724,839,602
725,841,721
726,842,868
727,842,1023
728,843,609
729,845,426
730,845,1107
731,846,1063
732,847,706
733,847,736
734,847,915
735,848,286
736,848,371
737,850,329
738,851,783
739,853,628
740,853,826
741,853,848
742,853,1019
743,854,353
744,854,563
745,855,766
746,856,301
747,856,944
748,857,475
749,858,701
750,858,931
751,859,271
752,859,454
753,859,637
754,859,1200
755,861,903
756,861,1056
757,861,1105
758,862,412
759,862,788
760,863,383
761,863,919
762,863,1034
763,865,774
764,867,657
765,868,831
766,868,1212
767,869,545
768,869,808
769,870,843
770,872,611
771,873,412
772,873,764
773,874,703
774,875,262
775,875,874
776,877,281
777,877,675
778,877,941
779,879,484
780,879,1650
781,880,510
782,881,545
783,881,573
784,882,395
785,883,932
786,884,752
787,885,789
788,885,898
789,886,372
790,886,454
791,886,860
792,887,1099
793,888,762
794,888,1160
795,888,1228
796,889,330
797,889,889
798,890,1265
799,891,561
800,891,672
801,892,481
802,892,910
803,893,440
804,893,794
805,894,949
806,895,812
807,895,1612
808,896,545
809,896,1197
810,897,777
811,898,462
812,898,620
813,898,686
814,899,664
815,899,1556
816,900,938
817,901,592
818,901,1080
819,902,470
820,902,756
821,902,831
822,902,1118
823,903,870
824,903,1174
825,903,1270
826,904,1066
827,904,1340
828,905,502
829,908,644
830,908,1566
831,909,845
832,909,1140
833,910,1209
834,911,553
835,913,621
836,913,1504
837,914,253
838,915,575
839,915,791
840,917,526
841,917,762
842,917,815
843,918,486
844,918,593
845,919,1194
846,920,722
847,920,828
848,920,1156
849,922,1093
850,922,1565
851,923,1258
852,923,1544
853,924,380
854,925,361
855,925,628
856,925,1291
857,926,503
858,926,1276
859,927,604
860,927,648
861,928,1119
862,928,1339
863,929,749
864,929,1190
865,930,465
866,932,1062
867,933,432
868,934,1097
869,934,1480
870,937,805
871,937,1011
872,938,370
873,938,775
874,939,447
875,939,541
876,939,1521
877,941,1287
878,941,1364
879,942,1055
880,942,1162
881,943,637
882,943,1274
883,944,1144
884,945,847
885,947,1222
886,948,609
887,948,746
888,950,1200
889,950,1234
890,950,1541
891,953,319
892,953,1112
893,954,278
894,955,347
895,958,368
896,958,1061
897,960,659
898,960,781
899,960,1477
900,960,1510
901,961,842
902,961,994
903,961,1458
904,963,528
905,963,1174
906,963,1246
907,964,389
908,965,1080
909,966,1303
910,967,606
911,968,554
912,969,423
913,969,630
914,970,1119
915,971,861
916,971,1288
917,975,277
918,975,642
919,975,693
920,975,1552
921,976,475
922,976,1041
923,977,293
924,978,1493
925,980,343
926,981,795
927,981,1531
928,982,441
929,982,584
930,983,327
931,983,605
932,983,997
933,984,659
934,984,1053
935,984,1169
936,987,516
937,989,888
938,990,687
939,990,1530
940,991,1206
941,992,770
942,992,1092
943,992,1465
944,993,1074
945,993,1110
946,993,1424
947,994,551
948,994,926
949,995,570
950,995,599
951,996,1495
952,996,1508
953,996,1520
954,997,432
955,997,1484
956,998,741
957,998,758
958,998,881
959,998,1031
960,999,829
961,999,1149
962,999,1234
963,1000,342
964,1000,450
965,1000,706
966,1000,1270
967,1002,472
968,1002,1056
969,1003,651
970,1003,718
971,1003,1418
972,1004,1561
973,1004,1690
974,1005,629
975,1006,1437
976,1007,696
977,1007,810
978,1007,1128
979,1008,670
980,1008,1383
981,1011,577
982,1011,1477
983,1012,738
984,1013,444
985,1013,1266
986,1014,354
987,1014,703
988,1014,863
989,1014,1022
990,1015,789
991,1015,1169
992,1016,1370
993,1015,1552
994,1017,1496
995,1018,903
996,1019,603
997,1019,755
998,1019,1143
999,1019,1251
1000,1023,771
1001,1023,1528
1002,1025,409
1003,1025,1401
1004,1026,640
1005,1026,1586
1006,1027,1503
1007,1028,1345
1008,1030,366
1009,1031,739
1010,1031,760
1011,1031,1213
1012,1032,723
1013,1033,375
1014,1033,525
1015,1033,680
1016,1033,961
1017,1033,1038
1018,1034,822
1019,1034,1223
1020,1035,655
1021,1035,1416
1022,1036,1148
1023,1036,1234
1024,1036,1520
1025,1037,397
1026,1037,951
1027,1038,346
1028,1038,499
1029,1038,1052
1030,1038,1397
1031,1039,832
1032,1039,897
1033,1039,1073
1034,1039,1319
1035,1042,418
1036,1043,443
1037,1043,1173
1038,1045,853
1039,1045,1376
1040,1047,534
1041,1047,1139
1042,1048,378
1043,1048,482
1044,1048,654
1045,1050,872
1046,1051,394
1047,1051,1129
1048,1051,1416
1049,1051,1437
1050,1052,462
1051,1052,669
1052,1052,827
1053,1052,1080
1054,1053,1511
1055,1055,765
1056,1056,1158
1057,1056,1295
1058,1056,1402
1059,1058,427
1060,1058,697
1061,1058,848
1062,1058,1372
1063,1059,1034
1064,1059,1315
1065,1059,1497
1066,1060,572
1067,1060,861
1068,1060,1102
1069,1061,676
1070,1061,1024
1071,1061,1261
1072,1062,1352
1073,1064,594
1074,1064,1485
1075,1065,631
1076,1066,664
1077,1066,1168
1078,1067,1431
1079,1068,778
1080,1068,1366
1081,1069,1124
1082,1069,1419
1083,1070,844
1084,1070,1296
1085,1071,728
1086,1072,420
1087,1072,1452
1088,1073,884
1089,1074,376
1090,1074,1007
1091,1074,1508
1092,1075,694
1093,1075,1072
1094,1075,1392
1095,1077,569
1096,1078,1030
1097,1079,1114
1098,1080,626
1099,1081,750
1100,1081,1267
1101,1081,1315
1102,1082,1252
1103,1083,395
1104,1083,1490
1105,1084,645
1106,1084,1451
1107,1085,456
1108,1085,684
1109,1085,990
1110,1085,1060
1111,1085,1216
1112,1086,614
1113,1087,584
1114,1087,780
1115,1087,1237
1116,1088,850
1117,1093,436
1118,1094,1289
1119,1094,1485
1120,1095,372
1121,1095,598
1122,1095,1108
1123,1097,1314
1124,1097,1370
1125,1097,1404
1126,1099,676
1127,1100,584
1128,1100,1327
1129,1100,1357
1130,1100,1677
1131,1101,618
1132,1104,1252
1133,1104,1566
1134,1105,1220
1135,1107,1759
1136,1109,633
1137,1110,1693
1138,1111,1314
1139,1112,1471
1140,1112,1574
1141,1113,688
1142,1113,1265
1143,1114,374
1144,1114,460
1145,1114,1243
1146,1114,1456
1147,1115,597
1148,1116,710
1149,1118,1610
1150,1119,752
1151,1119,1226
1152,1120,1424
1153,1121,1280
1154,1121,1731
1155,1122,1312
1156,1122,1444
1157,1123,366
1158,1123,642
1159,1124,1586
1160,1125,452
1161,1126,1409
1162,1126,1626
1163,1127,1495
1164,1127,1711
1165,1128,477
1166,1128,717
1167,1128,1269
1168,1130,1374
1169,1130,1602
1170,1131,582
1171,1131,1205
1172,1132,1218
1173,1132,1246
1174,1132,1343
1175,1132,1482
1176,1133,1176
1177,1134,1571
1178,1135,779
1179,1136,1727
1180,1139,657
1181,1139,1313
1182,1139,1757
1183,1140,1424
1184,1140,1469
1185,1141,1587
1186,1142,1402
1187,1142,1682
1188,1143,572
1189,1143,1455
1190,1145,625
1191,1146,1389
1192,1147,1192
1193,1147,1607
1194,1148,1777
1195,1150,639
1196,1151,613
1197,1151,1729
1198,1153,1340
1199,1154,1021
1200,1154,1242
1201,1154,1266
1202,1154,1637
1203,1155,1470
1204,1157,695
1205,1157,1284
1206,1157,1330
1207,1157,1364
1208,1157,1507
1209,1157,1658
1210,1157,1819
1211,1160,1223
1212,1160,1705
1213,1161,1517
1214,1162,1405
1215,1162,1495
1216,1163,1774
1217,1164,986
1218,1164,1213
1219,1164,1613
1220,1165,708
1221,1165,1747
1222,1168,1130
1223,1169,1308
1224,1169,1640
1225,1170,774
1226,1170,1441
1227,1170,1508
1228,1172,1689
1229,1172,1733
1230,1173,1707
1231,1174,1374
1232,1174,1522
1233,1175,1337
1234,1175,1423
1235,1175,1598
1236,1176,1075
1237,1176,1354
1238,1177,1013
1239,1177,1165
1240,1177,1283
1241,1177,1842
1242,1178,1239
1243,1178,1480
1244,1178,1857
1245,1179,535
1246,1182,1541
1247,1182,1569
1248,1185,905
1249,1184,1554
1250,1184,1590
1251,1184,1707
1252,1185,1112
1253,1185,1634
1254,1185,1818
1255,1186,933
1256,1186,1043
1257,1186,1122
1258,1186,1171
1259,1187,983
1260,1187,1335
1261,1187,1392
1262,1187,1419
1263,1188,616
1264,1188,887
1265,1188,1185
1266,1188,1727
1267,1189,640
1268,1189,1617
1269,1189,1832
1270,1190,1292
1271,1190,1510
1272,1190,1687
1273,1192,1448
1274,1192,1468
1275,1193,948
1276,1194,1324
1277,1195,1073
1278,1195,1668
1279,1196,1459
1280,1197,920
1281,1197,1093
1282,1197,1133
1283,1197,1747
1284,1198,1009
1285,1198,1368
1286,1198,1786
1287,1199,1216
1288,1199,1278
1289,1200,891
1290,1200,1347
1291,1200,1435
1292,1201,1568
1293,1201,1606
1294,1202,1836
1295,1203,1554
1296,1203,1677
1297,1204,1050
1298,1204,1310
1299,1204,1699
1300,1205,1850
1301,1206,1103
1302,1206,1290
1303,1206,1626
1304,1208,553
1305,1208,1127
1306,1209,1469
1307,1209,1749
1308,1210,912
1309,1210,1441
1310,1211,1024
1311,1211,1808
1312,1212,1073
1313,1213,1337
1314,1213,840
1315,1213,858
1316,1213,1537
1317,1213,1885
1318,1214,1147
1319,1214,1377
1320,1214,1489
1321,1215,1059
1322,1215,1090
1323,1215,1216
1324,1217,811
1325,1217,1196
1326,1217,1731
1327,1218,1867
1328,1219,930
1329,1219,962
1330,1220,583
1331,1220,1007
1332,1221,1185
1333,1221,1290
1334,1221,1660
1335,1222,1642
1336,1222,1776
1337,1223,3
1338,1223,921
1339,1223,1022
1340,1223,1494
1341,1223,1518
1342,1224,986
1343,1224,1109
1344,1224,1460
1345,1225,1412
1346,1225,1599
1347,1226,1387
1348,1226,1793
1349,1227,1091
1350,1227,1432
1351,1228,1174
1352,1228,1903
1353,1229,1231
1354,1231,1558
1355,1231,1755
1356,1232,857
1357,1232,901
1358,1232,1125
1359,1232,1324
1360,1232,1843
1361,1233,996
1362,1233,1055
1363,1233,1828
1364,1236,884
1365,1236,1545
1366,1237,830
1367,1237,1024
1368,1238,1286
1369,1239,1343
1370,1239,1374
1371,1239,1457
1372,1240,1139
1373,1241,938
1374,1241,1591
1375,1243,1433
1376,1243,1895
1377,1244,924
1378,1244,1170
1379,1244,1768
1380,1245,899
1381,1245,966
1382,1245,1303
1383,1245,1554
1384,1245,1799
1385,1245,1828
1386,1247,1851
1387,1248,874
1388,1248,982
1389,1248,1316
1390,1248,1481
1391,1249,802
1392,1249,1015
1393,1249,1247
1394,1249,1733
1395,1250,1280
1396,1250,1417
1397,1251,1042
1398,1253,140
1399,1252,1486
1400,1254,859
1401,1254,952
1402,1255,827
1403,1255,1076
1404,1257,1055
1405,1257,1196
1406,1261,1018
1407,1260,1454
1408,1260,1531
1409,1261,1143
1410,1261,1297
1411,1262,1364
1412,1262,1895
1413,1263,1271
1414,1264,985
1415,1264,1354
1416,1264,1480
1417,1265,713
1418,1265,995
1419,1266,1411
1420,1267,1244
1421,1267,1436
1422,1269,1083
1423,1269,1823
1424,1270,1324
1425,1271,1034
1426,1271,1856
1427,1273,1022
1428,1273,1489
1429,1274,1107
1430,1274,1363
1431,1274,1779
1432,1275,868
1433,1276,1069
1434,1276,1235
1435,1276,1337
1436,1277,1646
1437,1278,859
1438,1278,1202
1439,1278,1283
1440,1278,1302
1441,1278,1743
1442,1279,1603
1443,1281,1463
1444,1282,1000
1445,1282,1090
1446,1282,1349
1447,1282,1403
1448,1282,1527
1449,1283,1421
1450,1284,794
1451,1284,931
1452,1285,1542
1453,1286,1050
1454,1287,1389
1455,1288,1040
1456,1291,1502
1457,1292,1116
1458,1292,1246
1459,1293,1805
1460,1294,1433
1461,1294,1488
1462,1295,1022
1463,1298,694
1464,1297,863
1465,1297,898
1466,1297,1281
1467,1297,1473
1468,1298,1730
1469,1299,1063
1470,1299,1521
1471,1299,1750
1472,1299,1786
1473,1299,1825
1474,1299,1860
1475,1300,837
1476,1300,1271
1477,1301,1455
1478,1301,1655
1479,1303,1838
1480,1305,1490
1481,1306,1164
1482,1306,1442
1483,1306,1766
1484,1308,841
1485,1308,1385
1486,1308,1640
1487,1310,1045
1488,1312,1244
1489,1313,1344
1490,1315,1678
1491,1316,1257
1492,1316,1421
1493,1317,1715
1494,1318,1410
1495,1319,913
1496,1319,1783
1497,1321,1732
1498,1321,1560
1499,1325,54
1500,1326,1157
1501,1326,1642
1502,1327,896
1503,1328,1455
1504,1328,1834
1505,1329,1431
1506,1330,1403
1507,1331,1513
1508,1331,1547
1509,1332,1814
1510,1334,1183
1511,1336,1385
1512,1336,1706
1513,1337,948
1514,1337,1315
1515,1338,1478
1516,1339,1299
1517,1342,1507
1518,1343,1657
1519,1348,1057
1520,1347,1330
1521,1347,1580
1522,1347,1628
1523,1350,887
1524,1350,1010
1525,1351,1272
1526,1352,1220
1527,1352,1722
1528,1353,904
1529,1353,1449
1530,1354,866
1531,1354,1466
1532,1356,1136
1533,1356,1528
1534,1357,1365
1535,1357,1381
1536,1357,1572
1537,1359,1423
1538,1363,1061
1539,1364,1396
1540,1366,1490
1541,1366,1661
1542,1369,1053
1543,1369,1109
1544,1370,1528
1545,1370,1640
1546,1370,1733
1547,1371,986
1548,1372,1022
1549,1373,1609
1550,1374,1316
1551,1375,930
1552,1376,850
1553,1377,1102
1554,1377,1383
1555,1377,1543
1556,1378,1035
1557,1378,1121
1558,1378,1299
1559,1378,1624
1560,1380,1498
1561,1381,1278
1562,1382,1686
1563,1383,1096
1564,1383,1707
1565,1385,1398
1566,1387,1058
1567,1387,1249
1568,1388,1425
1569,1388,1449
1570,1388,1649
1571,1390,1672
1572,1391,1010
1573,1392,1079
1574,1392,1629
1575,1392,1743
1576,1393,1473
1577,1394,1490
1578,1396,1301
1579,1396,1325
1580,1400,1694
1581,1401,1348
1582,1402,1368
1583,1402,1406
1584,1403,1768
1585,1404,1057
1586,1406,1280
1587,1408,1602
1588,1409,1387
1589,1412,1550
1590,1414,1573
1591,1415,1656
1592,1416,1529
1593,1416,1632
1594,1417,1485
1595,1418,1356
1596,1418,1402
1597,1420,1098
1598,1420,1710
1599,1421,1468
1600,1423,1509
1601,1424,1294
1602,1425,1599
1603,1425,1023
1604,1425,1089
1605,1426,1486
1606,1427,1650
1607,1428,1437
1608,1431,1342
1609,1433,1379
1610,1434,1562
1611,1435,1309
1612,1435,1684
1613,1437,994
1614,1438,1272
1615,1439,1071
1616,1439,1106
1617,1439,1497
1618,1440,1356
1619,1440,1584
1620,1441,1514
1621,1441,1648
1622,1443,1445
1623,1443,1699
1624,1444,1170
1625,1447,971
1626,1447,1486
1627,1447,1599
1628,1450,1329
1629,1451,1155
1630,1455,1104
1631,1455,1303
1632,1455,1440
1633,1455,1674
1634,1457,1523
1635,1457,1757
1636,1459,1027
1637,1459,1350
1638,1459,1554
1639,1461,1382
1640,1464,1084
1641,1464,1393
1642,1465,1457
1643,1466,1060
1644,1466,1305
1645,1466,1405
1646,1467,1669
1647,1468,1002
1648,1468,1144
1649,1468,1706
1650,1469,1093
1651,1469,1239
1652,1469,1367
1653,1470,1124
1654,1473,1029
1655,1474,1321
1656,1474,1431
1657,1474,1477
1658,1474,1733
1659,1475,1193
1660,1476,1387
1661,1476,1578
1662,1477,1601
1663,1478,1288
1664,1479,1273
1665,1482,1499
1666,1483,1064
1667,1483,1212
1668,1483,1249
1669,1484,1175
1670,1489,1336
1671,1489,1630
1672,1490,1124
1673,1491,1349
1674,1492,1263
1675,1493,1316
1676,1498,1155
1677,1498,1295
1678,1498,1374
1679,1500,1007
1680,1503,1674
1681,1504,1194
1682,1505,1280
1683,1506,1340
1684,1509,1162
1685,1511,1253
1686,1512,1553
1687,1513,1217
1688,1515,1274
1689,1517,1198
1690,1517,1441
1691,1519,1152
1692,1521,1435
1693,1524,1233
1694,1524,1377
1695,1527,1212
1696,1528,1194
1697,1532,1568
1698,1538,1284
1699,1539,1212
1700,1540,1301
1701,1540,1338
1702,1541,1233
1703,1542,1320
1704,1543,1256
1705,1544,1364
1706,1547,1160
1707,1548,1187
1708,1552,1243
1709,1555,1352
1710,1555,1367
1711,1557,1334
1712,1558,1401
1713,1559,1425
1714,1561,1096
1715,1561,1164
1716,1561,1220
1717,1562,1143
1718,1564,1114
1719,1567,1260
1720,1574,1357
1721,1574,1372
1722,1575,1142
1723,1575,1197
1724,1579,1476
1725,1580,1168
1726,1584,1207
1727,1584,1233
1728,1584,1257
1729,1585,1059
1730,1586,1188
1731,1586,1370
1732,1586,1399
1733,1590,1341
1734,1595,1501
1735,1597,1212
1736,1597,1243
1737,1598,1098
1738,1599,29
1739,1600,1259
1740,1601,1116
1741,1601,1406
1742,1603,1365
1743,1604,1224
1744,1604,1420
1745,1605,1189
1746,1606,1021
1747,1607,1556
1748,1608,1487
1749,1609,1235
1750,1613,1164
1751,1613,1178
1752,1617,1277
1753,1620,1246
1754,1620,1294
1755,1621,1143
1756,1622,1091
1757,1626,1265
1758,1626,1317
1759,1629,1185
1760,1630,1118
1761,1630,1166
1762,1630,1444
1763,1632,1078
1764,1632,1275
1765,1632,1401
1766,1634,1149
1767,1635,1044
1768,1635,1358
1769,1635,1379
1770,1636,1063
1771,1636,1104
1772,1636,1239
1773,1639,1315
1774,1640,1025
1775,1640,1302
1776,1642,1326
1777,1643,1473
1778,1645,1180
1779,1646,1035
1780,1646,1409
1781,1649,1346
1782,1649,1375
1783,1652,1449
1784,1652,1493
1785,1654,1125
1786,1656,1424
1787,1656,1536
1788,1658,1150
1789,1660,1084
1790,1661,1515
1791,1661,1273
1792,1662,1180
1793,1663,1480
1794,1665,1320
1795,1666,1394
1796,1668,1140
1797,1668,1304
1798,1668,1464
1799,1672,1407
1800,1674,1163
1801,1674,1190
1802,1675,1437
1803,1675,1495
1804,1678,1285
1805,1679,1176
1806,1680,1376
1807,1680,1547
1808,1682,1157
1809,1684,1066
1810,1686,1356
1811,1687,1439
1812,1693,1117
1813,1694,1243
1814,1694,1466
1815,1694,1542
1816,1696,1482
1817,1697,1347
1818,1698,1290
1819,1699,1192
1820,1702,1160
1821,1707,1409
1822,1708,1045
1823,1711,1379
1824,1711,1465
1825,1712,1419
1826,1712,1447
1827,1713,1260
1828,1718,1409
1829,1720,1502
1830,1722,1096
1831,1721,1489
1832,1722,1076
1833,1723,1240
1834,1723,1428
1835,1724,1385
1836,1726,1164
1837,1727,1202
1838,1727,1447
1839,1728,1181
1840,1731,1257
1841,1731,1277
1842,1733,1240
1843,1735,1215
1844,1737,1531
1845,1739,1400
1846,1739,1463
1847,1742,1434
1848,1748,1263
1849,1749,1199
1850,1751,1341
1851,1751,1419
1852,1753,1294
1853,1753,1300
1854,1754,1175
1855,1756,1381
1856,1766,1196
1857,1768,1340
1858,1771,1324
1859,1775,1246
1860,1775,1275
1861,1776,1197
1862,1777,1366
1863,1786,1230
1864,1789,1128
1865,1789,1247
1866,1789,1331
1867,1790,1184
1868,1791,1287
1869,1794,1273
1870,1795,1219
1871,1804,1186
1872,1805,1127
1873,1805,1265
1874,1833,1244
1875,1833,1265
